	Node	Degree	Eigenvector	Betweenness	Closeness	Eccentricity	PageRank
0	https://forefdn.org/webinar-lessons-learned-in-community-based-recovery-services-during-the-covid-19-pandemic-9-15-2022/	33	0.04908283613442252	16.965312383694734	0.5306930693069307	3	0.003883852176380622
1	https://forefdn.org/grantee-spotlight-integrating-sud-prevention-into-primary-care/	23	0.043211329840848446	2.8247324570853984	0.5193798449612403	3	0.0027798556711625616
2	https://forefdn.org/grantee-spotlight-supporting-states-as-they-finetune-their-opioid-response-efforts/	25	0.04452475094319886	5.2410003996691295	0.5214007782101168	3	0.002993596543837387
3	https://forefdn.org/fore-releases-request-for-proposals-to-support-community-driven-responses-to-opioid-use-disorder-and-overdose-mortality/	17	0.04064514919342486	0.3795518207282913	0.5134099616858238	3	0.002121036176663412
4	https://forefdn.org/new-fore-grants-aim-to-expand-access-to-oud-treatment-at-critical-access-points/	97	0.1024743987618897	234.1756426467897	0.6090909090909091	3	0.010141859414908042
5	https://forefdn.org/grantseeking-resources/	263	0.21058625244379545	2871.7133556600083	0.9816849816849816	2	0.02809045528392632
6	https://forefdn.org/our-grantees/	263	0.21058625244379545	2871.7133556600083	0.9816849816849816	2	0.02809045528392632
7	https://forefdn.org/webinar-lessons-learned-so-far-from-fores-innovation-challenge-in-developing-responses-to-the-opioid-crisis/	33	0.04974731566267889	16.80955222538039	0.5306930693069307	3	0.003866518485262202
8	https://forefdn.org/grants-and-funding/	264	0.21063738809335758	3138.7133556600097	0.9852941176470589	2	0.028641403202680094
9	https://forefdn.org/financial-reports/	263	0.21058625244379545	2871.7133556600083	0.9816849816849816	2	0.02809045528392632
10	https://forefdn.org/contact-us/	263	0.21058625244379545	2871.7133556600083	0.9816849816849816	2	0.02809045528392632
11	https://forefdn.org/careers/	263	0.21058625244379545	2871.7133556600083	0.9816849816849816	2	0.02809045528392632
12	https://forefdn.org/fore-grant-focuses-on-expanding-access-to-prevention-programs-in-schools/	48	0.0606755963831453	45.44899360987595	0.5480572597137015	3	0.005440538885960777
13	https://forefdn.org/news-updates/	263	0.21058625244379545	2871.7133556600083	0.9816849816849816	2	0.02809045528392632
14	https://forefdn.org/new-fore-brief-showcases-ways-to-lower-barriers-to-opioid-use-disorder-treatment/	24	0.04369570136641513	3.729263770285442	0.5203883495145631	3	0.0028996935732507776
15	https://forefdn.org/new-fore-funded-report-from-the-national-academies-benefits-and-challenges-of-integrating-sud-prevention-in-primary-care/	47	0.06001921365467605	41.95598661686898	0.5469387755102041	3	0.005334118263756653
16	https://forefdn.org/privacy-policy/	263	0.21058625244379545	2871.7133556600083	0.9816849816849816	2	0.02809045528392632
17	https://forefdn.org/about-us/	264	0.21069378342498224	3122.9633556600097	0.9852941176470589	2	0.028252810819297824
18	https://forefdn.org/webinar-data-and-policy-to-drive-access-to-evidence-based-opioid-use-disorder-treatment-6-23-2022/	30	0.04708097335554102	11.116493310610958	0.5275590551181102	3	0.003564307620333596
19	https://forefdn.org/news-updates/?res=webinar	36	0.05564849814368875	16.90754521106688	0.5338645418326693	3	0.004090182240087694
20	https://forefdn.org/Grantees/university-of-washington/	18	0.04218349074120058	1.075091575091575	0.5143953934740882	3	0.002260607768591419
21	https://forefdn.org/Grantees/massachusetts-general-hospital/	19	0.042124734422381974	2.0725108225108224	0.5153846153846153	3	0.002385405851116545
22	https://forefdn.org/news-updates//?res=grantee-spotlight	68	0.08374144586712212	71.27943453717282	0.5690021231422505	3	0.007044172461617202
23	https://forefdn.org/Grantees/public-health-institute-2/	19	0.043123051496393665	1.9751082251082248	0.5153846153846153	3	0.0023658951288473393
24	https://forefdn.org/our-grantees/page/4/	84	0.08598589357153269	149.55177366688682	0.5903083700440529	3	0.009230491445213025
25	https://forefdn.org/Grantees/national-indian-youth-leadership-development-project/	18	0.04317849614341436	0.17779839208410636	0.5143953934740882	3	0.002219773059648285
26	https://forefdn.org/Grantees/legal-action-center/	18	0.04273497570199565	0.5909090909090908	0.5143953934740882	3	0.002236916093140281
27	https://forefdn.org/Grantees/university-of-north-carolina-horizons/	20	0.042661804592183564	2.918997668997669	0.5163776493256262	3	0.002505745556882194
28	https://forefdn.org/Grantees/yale-university/	18	0.04263757388387922	0.7366562009419153	0.5143953934740882	3	0.002241723084027955
29	https://forefdn.org/Grantees/national-academies-of-sciences-engineering-and-medicine/	18	0.04272458530595637	0.6071428571428571	0.5143953934740882	3	0.002238539123537067
30	https://forefdn.org/news-updates/page/15/	33	0.05582084098209427	5.584741935051532	0.5296442687747036	3	0.003636235964751624
31	https://forefdn.org/Grantees/university-of-california-los-angeles/	19	0.04281573835110908	1.7709790209790208	0.5153846153846153	3	0.0023670024454002145
32	https://forefdn.org/Grantees/ballad-health/	20	0.04359097388198002	2.4768564768564767	0.5163776493256262	3	0.0024651301172270938
33	https://forefdn.org/Grantees/new-york-state-psychiatric-institute/	18	0.04317849614341436	0.17779839208410636	0.5143953934740882	3	0.002219773059648285
34	https://forefdn.org/Grantees/brown-university/	19	0.04395967295419393	0.7492269635126778	0.5153846153846153	3	0.0023193566992278382
35	https://forefdn.org/Grantees/young-people-in-recovery-copy/	18	0.04218357779517606	1.0686813186813187	0.5143953934740882	3	0.0022605211671407853
36	https://forefdn.org/grantee-spotlight-looking-abroad-for-models-of-treating-opioid-use-disorder-preventing-harm-and-promoting-social-justice/	19	0.04031607309739047	1.5000291375291377	0.5153846153846153	3	0.0023563901946173724
37	https://forefdn.org/our-grantees/page/5/	84	0.08598589357153269	149.55177366688682	0.5903083700440529	3	0.009230491445213025
38	https://forefdn.org/Grantees/cabin-creek-health-systems/	18	0.04217292653076218	1.0885780885780887	0.5143953934740882	3	0.0022625497901976564
39	https://forefdn.org/Grantees/georgia-institute-of-technology/	18	0.04149256079914091	1.3564768564768563	0.5143953934740882	3	0.002280628377786772
40	https://forefdn.org/news-updates//?res=resources	67	0.08287980249946741	67.75229835636013	0.5677966101694916	3	0.006958364829794944
41	https://forefdn.org/Grantees/equal-justice-works/	19	0.043199047399017414	137.73231935282706	0.5163776493256262	3	0.0025548150439460354
42	https://forefdn.org/Grantees/urban-institute/	18	0.04149228348411502	1.3640526140526141	0.5143953934740882	3	0.002280730650638908
43	https://forefdn.org/fore-announces-10-9-million-in-grants-to-prevent-opioid-and-substance-use-disorder-in-children-and-families/	18	0.04087392823014068	0.9607899840097983	0.5143953934740882	3	0.0022297207238068575
44	https://forefdn.org/team/brian-byrd-mpa/	11	0.033178919319570774	1.25	0.5075757575757576	3	0.0016293510609132749
45	https://forefdn.org/Grantees/university-of-massachusetts-dartmouth/	19	0.04395967295419393	0.7492269635126778	0.5153846153846153	3	0.0023193566992278382
46	https://forefdn.org/fore-brief-showcases-effective-model-of-training-primary-care-providers-to-treat-oud/	25	0.04382994492393447	5.040509980215862	0.5214007782101168	3	0.0030112485622314188
47	https://forefdn.org/Grantees/bipartisan-policy-center/	18	0.04317849614341436	0.17779839208410636	0.5143953934740882	3	0.002219773059648285
48	https://forefdn.org/Grantees/friends-research-institute/	18	0.042173172087744654	1.094988344988345	0.5143953934740882	3	0.002262506736912631
49	https://forefdn.org/our-grantees/page/6/	84	0.08598589357153269	149.55177366688682	0.5903083700440529	3	0.009230491445213025
50	https://forefdn.org/new-fore-briefs-shine-light-on-the-costs-of-oud-treatment-for-patients/	17	0.0389180835491332	0.42261904761904756	0.5134099616858238	3	0.002151359567462787
51	https://forefdn.org/Grantees/university-of-north-carolina-at-chapel-hill/	18	0.04317849614341436	0.17779839208410636	0.5143953934740882	3	0.002219773059648285
52	https://forefdn.org/Grantees/medical-college-of-wisconsin/	18	0.04317849614341436	0.17779839208410636	0.5143953934740882	3	0.002219773059648285
53	https://forefdn.org/Grantees/illinois-association-of-free-and-charitable-clinics-copy/	18	0.04317849614341436	0.17779839208410636	0.5143953934740882	3	0.002219773059648285
54	https://forefdn.org/Grantees/allegheny-health-network/	18	0.04217304108194808	1.096153846153846	0.5143953934740882	3	0.002262485312010839
55	https://forefdn.org/Grantees/public-health-institute/	18	0.04151393152777858	1.2857142857142856	0.5143953934740882	3	0.002277036058049174
56	https://forefdn.org/Grantees/hispanic-umadaop/	18	0.04317849614341436	0.17779839208410636	0.5143953934740882	3	0.002219773059648285
57	https://forefdn.org/Grantees/housing-works/	18	0.04263739126773589	0.7366562009419153	0.5143953934740882	3	0.002241797730863933
58	https://forefdn.org/Grantees/research-triangle-institute/	19	0.043496178397343266	1.197136197136197	0.5153846153846153	3	0.0023382714835258117
59	https://forefdn.org/news-updates//?res=program-brief	68	0.08368098583967594	71.44256307530134	0.5690021231422505	3	0.007050713134459486
60	https://forefdn.org/team/shibani-gambhir-mpa/	11	0.033178919319570774	1.25	0.5075757575757576	3	0.0016293510609132749
61	https://forefdn.org/Grantees/addiction-policy-forum/	18	0.04263774525465853	0.7302459445316589	0.5143953934740882	3	0.002241663646493617
62	https://forefdn.org/Grantees/foundation-for-healthy-communitites/	18	0.04217292653076218	1.0885780885780887	0.5143953934740882	3	0.0022625497901976564
63	https://forefdn.org/Grantees/trustees-of-tufts-college/	19	0.04395967295419393	0.7492269635126778	0.5153846153846153	3	0.0023193566992278382
64	https://forefdn.org/Grantees/american-college-of-emergency-physicians/	19	0.0420731806424428	1.975108225108225	0.5153846153846153	3	0.0023932959245234436
65	https://forefdn.org/Grantees/university-of-south-florida/	18	0.04317849614341436	0.17779839208410636	0.5143953934740882	3	0.002219773059648285
66	https://forefdn.org/news-updates/?res=grantee-spotlight	30	0.051695332923200984	8.294770180799592	0.5265225933202358	3	0.003427639116958844
67	https://forefdn.org/grantee-spotlight-building-trust-to-reduce-risk-for-patients-with-opioid-use-disorder/	24	0.04324918127582305	4.1243495067024485	0.5203883495145631	3	0.0028982109307214626
68	https://forefdn.org/Grantees/agency-for-substance-abuse-prevention/	19	0.04395967295419393	0.7492269635126778	0.5153846153846153	3	0.0023193566992278382
69	https://forefdn.org/Grantees/morgan-county-partnership/	18	0.04317849614341436	0.17779839208410636	0.5143953934740882	3	0.002219773059648285
70	https://forefdn.org/Grantees/temple-university/	18	0.04218787186412865	1.0967365967365967	0.5143953934740882	3	0.0022610386573692896
71	https://forefdn.org/Grantees/national-academy-for-state-health-policy/	19	0.04219154875185494	2.075091575091575	0.5153846153846153	3	0.002383265576436841
72	https://forefdn.org/Grantees/university-of-alabama-at-birmingham/	18	0.04272337047915763	0.5757575757575758	0.5143953934740882	3	0.0022396748853743217
73	https://forefdn.org/Grantees/nyu-grossman-school-of-medicine/	18	0.04317849614341436	0.17779839208410636	0.5143953934740882	3	0.002219773059648285
74	https://forefdn.org/Grantees/mountain-area-health-education-center/	18	0.04152293124396356	1.3560606060606062	0.5143953934740882	3	0.002276521902444709
75	https://forefdn.org/Grantees/university-of-north-dakota/	18	0.042173362439364134	1.094988344988345	0.5143953934740882	3	0.0022624307125660268
76	https://forefdn.org/Grantees/the-providence-center/	18	0.04317849614341436	0.17779839208410636	0.5143953934740882	3	0.002219773059648285
77	https://forefdn.org/Grantees/the-denver-health-and-hospital-foundation/	18	0.04317849614341436	0.17779839208410636	0.5143953934740882	3	0.002219773059648285
78	https://forefdn.org/news-updates/page/4/	30	0.052770922626993455	6.969412205441617	0.5265225933202358	3	0.0033772107909761147
79	https://forefdn.org/Grantees/midlands-recovery-center-of-south-carolina/	18	0.04317849614341436	0.17779839208410636	0.5143953934740882	3	0.002219773059648285
80	https://forefdn.org/Grantees/university-of-maryland-baltimore/	18	0.04317849614341436	0.17779839208410636	0.5143953934740882	3	0.002219773059648285
81	https://forefdn.org/Grantees/jewish-family-service-of-atlantic-county/	18	0.04317849614341436	0.17779839208410636	0.5143953934740882	3	0.002219773059648285
82	https://forefdn.org/Grantees/healthy-alaska-natives-foundation/	19	0.04380092541511101	0.9050711193568337	0.5153846153846153	3	0.0023262042941982475
83	https://forefdn.org/Grantees/michigan-state-university/	18	0.04220251528687463	1.061771561771562	0.5143953934740882	3	0.0022596440631785838
84	https://forefdn.org/Grantees/university-of-miami/	19	0.042263962496836276	2.033966033966034	0.5153846153846153	3	0.002381128472654888
85	https://forefdn.org/Grantees/university-of-pittsburgh/	18	0.04317849614341436	0.17779839208410636	0.5143953934740882	3	0.002219773059648285
86	https://forefdn.org/Grantees/weill-cornell-medicine/	19	0.043811826378206443	0.9050711193568337	0.5153846153846153	3	0.002325121585295689
87	https://forefdn.org/Grantees/rand-corporation-copy/	19	0.044787616112029444	0.8671923314780456	0.5153846153846153	3	0.00230863213044645
88	https://forefdn.org/Grantees/rand-corporation-2/	18	0.04264744041976486	0.7167594310451453	0.5143953934740882	3	0.0022400506591826333
89	https://forefdn.org/news-updates/page/5/	31	0.05348221587004885	7.8200272766449235	0.5275590551181102	3	0.0034807931744280426
90	https://forefdn.org/news-updates//?res=fore-announcements	68	0.08423616810829403	68.60361338120458	0.5690021231422505	3	0.007036970566922227
91	https://forefdn.org/granteeportal	1	0.0033075237646113293	0.0	0.4972170686456401	3	0.0006498093460350039
92	https://forefdn.org/Grantees/national-academy-for-state-health-policy-copy/	20	0.04276287351944247	2.772061272061272	0.5163776493256262	3	0.0024966111701658733
93	https://forefdn.org/Grantees/association-of-recovery-in-higher-education/	18	0.042647461112766266	0.7091836734693877	0.5143953934740882	3	0.002240039843088883
94	https://forefdn.org/webinar-understanding-and-bolstering-the-recovery-workforce-findings-from-in-depth-discussions-with-peer-recovery-coaches-7-14-2021/	18	0.03982437027848133	1.2051882328198116	0.5143953934740882	3	0.0022511919463312252
95	https://forefdn.org/Grantees/illinois-association-of-free-and-charitable-clinics/	18	0.04317849614341436	0.17779839208410636	0.5143953934740882	3	0.002219773059648285
96	https://forefdn.org/Grantees/legal-aid-services-of-oklahoma/	18	0.04317849614341436	0.17779839208410636	0.5143953934740882	3	0.002219773059648285
97	https://forefdn.org/news-updates//?res=webinar	68	0.08394977219632425	71.1764106604647	0.5690021231422505	3	0.007040308014228528
98	https://forefdn.org/our-grantees/page/2/	84	0.08598589357153269	149.55177366688682	0.5903083700440529	3	0.009230491445213025
99	https://forefdn.org/Grantees/thomas-jefferson-university/	19	0.042166241278630924	2.223776223776224	0.5153846153846153	3	0.0023854209663536573
100	https://forefdn.org/Grantees/healthy-schools-campaign/	19	0.04245598439887759	2.0675158175158175	0.5153846153846153	3	0.0023752412104549453
101	https://forefdn.org/Grantees/renewal-house/	19	0.04295527418420695	1.665084915084915	0.5153846153846153	3	0.0023602641042335592
102	https://forefdn.org/Grantees/rutgers-the-state-university-of-new-jersey/	18	0.04151902830616322	1.37987012987013	0.5143953934740882	3	0.00227744666872928
103	https://forefdn.org/news-updates/page/2/	29	0.052223172644213695	6.112281835811247	0.5254901960784314	3	0.0032695103726778684
104	https://forefdn.org/Grantees/university-of-california-san-francisco/	18	0.04317849614341436	0.17779839208410636	0.5143953934740882	3	0.002219773059648285
105	https://forefdn.org/team/kat-hamilton/	11	0.033178919319570774	1.25	0.5075757575757576	3	0.0016293510609132749
106	https://forefdn.org/team/sarah-villafuerte/	11	0.033178919319570774	1.25	0.5075757575757576	3	0.0016293510609132749
107	https://forefdn.org/Grantees/national-center-on-domestic-violence-trauma-and-mental-health/	18	0.04317849614341436	0.17779839208410636	0.5143953934740882	3	0.002219773059648285
108	https://forefdn.org/team/kenneth-shatzkes-ph-d/	11	0.033178919319570774	1.25	0.5075757575757576	3	0.0016293510609132749
109	https://forefdn.org/Grantees/montefiore-medical-center/	18	0.04317849614341436	0.17779839208410636	0.5143953934740882	3	0.002219773059648285
110	https://forefdn.org/Grantees/university-of-new-mexico/	18	0.04317849614341436	0.17779839208410636	0.5143953934740882	3	0.002219773059648285
111	https://forefdn.org/Grantees/rand-corporation/	18	0.042203722859441746	1.0303030303030303	0.5143953934740882	3	0.0022595502934219525
112	https://forefdn.org/Grantees/faces-voices-of-recovery/	18	0.04317849614341436	0.17779839208410636	0.5143953934740882	3	0.002219773059648285
113	https://forefdn.org/new-fore-brief-highlights-strategies-for-expanding-access-to-opioid-use-disorder-treatment-in-emergency-departments/	24	0.04308583426334145	4.041260983598444	0.5203883495145631	3	0.0029106756419102894
114	https://forefdn.org/team/karen-a-scott-md-mph/	11	0.033178919319570774	1.25	0.5075757575757576	3	0.0016293510609132749
115	https://forefdn.org/our-grantees/page/3/	84	0.08598589357153269	149.55177366688682	0.5903083700440529	3	0.009230491445213025
116	https://forefdn.org/Grantees/university-of-arizona/	18	0.04317849614341436	0.17779839208410636	0.5143953934740882	3	0.002219773059648285
117	https://forefdn.org/news-updates/?res=fore-announcements	56	0.06954186237392129	61.91577195798424	0.5571725571725572	3	0.006169259587095557
118	https://forefdn.org/team/yuyan-huang/	11	0.033178919319570774	1.25	0.5075757575757576	3	0.0016293510609132749
119	https://forefdn.org/Grantees/rutgers-the-state-university-of-new-jersey-copy/	18	0.04317849614341436	0.17779839208410636	0.5143953934740882	3	0.002219773059648285
120	https://forefdn.org/news-updates/page/3/	29	0.05208784099506234	5.968413775766717	0.5254901960784314	3	0.0032720785427076847
121	https://forefdn.org/news-updates/page/10/	33	0.055104208220189244	9.759014106808223	0.5296442687747036	3	0.0036716373695266846
122	https://forefdn.org/news-updates//?res=presidents-update	68	0.08380887697891874	71.3633948578978	0.5690021231422505	3	0.007041954042160684
123	https://forefdn.org/Grantees/addiction-policy-forum-2/	58	0.06952369749051165	53.99052424541041	0.5583333333333333	3	0.0064703911097926175
124	https://forefdn.org/news-updates/?res=program-brief	30	0.05155581527678599	8.00331465919701	0.5265225933202358	3	0.00344165871941275
125	https://forefdn.org/news-updates//?res=all	68	0.08452375206548016	69.29876094090324	0.5690021231422505	3	0.007019680879314203
126	https://forefdn.org/resource/webinar-creating-an-effective-telehealth-patient-experience-for-moud-during-the-covid-19-pandemic/	13	0.03505632964738429	0.18055555555555555	0.5095057034220533	3	0.0017873247717492395
127	https://forefdn.org/news-updates/page/8/	29	0.05174962442130511	6.908219231748642	0.5254901960784314	3	0.0032948583932926514
128	https://forefdn.org/resource/health-affairs-blog-expanding-access-to-treatment-for-opioid-use-disorder-the-pandemic-presents-a-learning-opportunity/	13	0.036427476462149375	0.0	0.5095057034220533	3	0.0017529545199937752
129	https://forefdn.org/recommendations-for-strengthening-the-federal-response-to-the-opioid-crisis/	17	0.04064089892668224	0.39999999999999997	0.5134099616858238	3	0.002121183228950016
130	https://forefdn.org/news-updates/page/9/	29	0.0518981788484007	6.87975284519402	0.5254901960784314	3	0.003285201637877824
131	https://forefdn.org/news-updates/page/6/	29	0.05186898561733642	7.3547826900768065	0.5265225933202358	3	0.0032963775454013036
132	https://forefdn.org/grantee-spotlight-encouraging-physicians-to-treat-opioid-use-disorder-in-emergency-departments-across-the-u-s/	18	0.03898676756315083	1.5320736410132696	0.5143953934740882	3	0.002269393610097332
133	https://forefdn.org/news-updates/page/13/	28	0.05094733887750591	6.182343228666758	0.5244618395303327	3	0.0031972199926684607
134	https://forefdn.org/news-updates/page/7/	29	0.05176121389793789	6.852409600203717	0.5254901960784314	3	0.003293890331987075
135	https://forefdn.org/fore-releases-request-for-proposals-focused-on-engaging-and-empowering-vulnerable-families-and-communities-to-prevent-opioid-use-disorder/	17	0.04017910857573295	0.5848149786230281	0.5134099616858238	3	0.0021290884941335157
136	https://forefdn.org/news-updates/page/14/	28	0.05093144287311038	7.202762923351159	0.5254901960784314	3	0.0032207296207053754
137	https://forefdn.org/resource/issue-brief-expanding-access-to-opioid-use-disorder-treatment-in-rural-america/	13	0.03505643725367786	0.17320261437908496	0.5095057034220533	3	0.0017874567644856503
138	https://forefdn.org/presidents-update-jul-20-responding-to-the-intertwined-crises-of-covid-19-opioid-use-and-racial-inequality/	17	0.039080032357997264	0.592442645074224	0.5134099616858238	3	0.0021445679585571946
139	https://forefdn.org/news-updates/page/5/?res=all	32	0.05454756104497404	8.25078999219025	0.5285996055226825	3	0.0035678523288161356
140	https://forefdn.org/resource/journal-of-substance-abuse-treatment-impacts-of-covid-19-on-peer-recovery-specialists-and-clients-in-substance-use-treatment/	13	0.03599847348263534	0.07692307692307693	0.5095057034220533	3	0.0017649024016476865
141	https://forefdn.org/news-updates/page/6/?res=fore-announcements	26	0.05014658818953394	2.4681749622926095	0.5224171539961013	3	0.002971414759614624
142	https://forefdn.org/news-updates/page/10/?res=all	34	0.05620173508858042	10.184826700012122	0.5306930693069307	3	0.0037572413911330814
143	https://forefdn.org/resource/issue-brief-leveraging-medicaid-policy-to-enhance-access-to-opioid-use-disorder-treatment/	15	0.036382982966953706	0.625	0.5114503816793893	3	0.0020000366770398775
144	https://forefdn.org/policy-brief-the-provision-of-medications-for-opioid-use-disorder-in-correctional-settings-in-the-time-of-covid-19-opportunities-and-solutions/	18	0.03920496804173546	0.6698717948717949	0.5143953934740882	3	0.002278912240885876
145	https://forefdn.org/webinar-racial-disparities-in-accessing-evidence-based-oud-treatment-and-the-impact-of-the-covid-19-pandemic-7-16-2020/	17	0.03875465856646337	0.8292188805346699	0.5134099616858238	3	0.002151063195622747
146	https://forefdn.org/presidents-update-jan-22-taking-stock-of-fores-first-two-years/	18	0.040969056577713416	0.928173374613003	0.5143953934740882	3	0.0022262597928944883
147	https://forefdn.org/grantee-spotlight-building-capacity-for-tribal-health-providers-to-deliver-oud-treatment-in-rural-alaska/	18	0.039637491733967245	1.2338429114744907	0.5143953934740882	3	0.002253504472608004
148	https://forefdn.org/resource/journal-of-substance-abuse-treatment-clinician-perspectives-on-methadone-service-delivery-and-the-use-of-telemedicine-during-the-covid-19-pandemic-a-qualitative-study/	13	0.03599849244611715	0.08333333333333333	0.5095057034220533	3	0.0017648980570585252
149	https://forefdn.org/fore-welcomes-new-senior-program-officer-brian-byrd/	18	0.04089563060179124	1.0636500754147813	0.5143953934740882	3	0.002229289826876385
150	https://forefdn.org/resource/webinar-integrating-moud-into-primary-care-medicaid-strategies-for-improving-treatment-engagement-and-outcomes-and-reducing-disparities/	13	0.03606460793050711	0.1534090909090909	0.5095057034220533	3	0.0017643313155347388
151	https://forefdn.org/presidents-update-dec-20-fores-year-of-firsts-in-the-midst-of-a-pandemic/	28	0.04575658803684885	8.581372712255066	0.5244618395303327	3	0.003323384960754414
152	https://forefdn.org/fore-announces-4-8-million-in-grants-that-support-innovative-solutions-to-ending-the-opioid-crisis/	18	0.04089563060179124	1.0636500754147813	0.5143953934740882	3	0.002229289826876385
153	https://forefdn.org/resource/webinar-correctional-facilities-and-moud-during-the-covid-19-pandemic/	13	0.03506622439034718	0.17763157894736842	0.5095057034220533	3	0.0017864096471283506
154	https://forefdn.org/resource/issue-brief-improving-access-to-treatment-and-recovery-supports-for-younger-generations/	14	0.0357049271500637	0.36764705882352944	0.5104761904761905	3	0.0018948915590949343
155	https://forefdn.org/resource/health-affairs-expanding-access-to-treatment-for-opioid-use-disorder-beyond-x-ing-the-x-waiver/	15	0.03637296462412703	0.5964052287581699	0.5114503816793893	3	0.002001636240865267
156	https://forefdn.org/presidents-update-apr-20-responding-to-the-coronavirus-pandemic/	18	0.03964506337186949	1.0816062592378382	0.5143953934740882	3	0.002252908195323336
157	https://forefdn.org/resource/webinar-racial-disparities-in-accessing-evidence-based-oud-treatment-and-the-impact-of-the-covid-19-pandemic/	13	0.03565693128973955	0.1497326203208556	0.5095057034220533	3	0.0017744416467071163
158	https://forefdn.org/resource/webinar-data-and-policy-to-drive-access-to-evidence-based-opioid-use-disorder-treatment/	14	0.03570360802365312	0.375	0.5104761904761905	3	0.0018950541520855685
159	https://forefdn.org/fore-funding-will-support-equal-justice-works-fellow-focused-on-helping-families-affected-by-the-opioid-crisis	2	0.0013088130433005676	0.09090909090909091	0.34491634491634493	4	0.000788464042182269
160	https://forefdn.org/fore-board-chair-inspires-at-2019-seminar-forum-dr-andrea-barthwell-shares-her-experience/	17	0.0402248454158557	0.6259803921568627	0.5134099616858238	3	0.0021258851142241754
161	https://forefdn.org/resource/webinar-caring-for-pregnant-and-parenting-women-with-oud-during-the-covid-19-pandemic/	13	0.03506412170519014	0.1764705882352941	0.5095057034220533	3	0.0017870913747663386
162	https://forefdn.org/policy-brief-integrating-obstetrical-and-substance-use-disorder-treatment-for-pregnant-and-postpartum-people-in-prisons/	17	0.03888949128781894	0.6157942934258724	0.5134099616858238	3	0.0021531841119753576
163	https://forefdn.org/resource/issue-brief-closing-gaps-in-the-continuum-of-treatment-and-support-services-for-pregnant-and-parenting-women-with-opioid-use-disorder/	13	0.03507640267253282	0.1801470588235294	0.5095057034220533	3	0.0017858404693735126
164	https://forefdn.org/fore-announces-2-million-in-new-grants-to-promote-medical-legal-partnership-reduce-coerced-substance-use-and-facilitate-state-opioid-responses/	17	0.04064514919342486	0.3795518207282913	0.5134099616858238	3	0.002121036176663412
165	https://forefdn.org/news-updates/page/2/?res=program-brief	24	0.047731571078124084	3.408683473389355	0.5203883495145631	3	0.0028086761001949343
166	https://forefdn.org/news-updates/page/3/?res=all	30	0.05312126912343197	6.404128061481	0.5265225933202358	3	0.0033605876688653944
167	https://forefdn.org/study-otp-clinician-perspectives-on-service-delivery-policy-changes-during-the-pandemic/	17	0.03860800467893626	0.4493589743589744	0.5134099616858238	3	0.0021695776561770404
168	https://forefdn.org/resource/webinar-federal-and-state-policy-levers-to-maintain-access-to-moud-during-the-covid-19-pandemic/	13	0.03565496319708781	0.23444976076555024	0.5095057034220533	3	0.0017747436979182625
169	https://forefdn.org/resource/pharmacy-interventions-to-improve-access-to-medications-for-opioid-use-disorder/	56	0.0646286710477981	61.95030450561079	0.5560165975103735	3	0.006340748977034022
170	https://forefdn.org/resource/webinar-the-role-of-peer-recovery-coaches-and-navigators-during-the-covid-19-pandemic/	13	0.03599847348263534	0.07692307692307693	0.5095057034220533	3	0.0017649024016476865
171	https://forefdn.org/resource/webinar-oud-the-emergency-department-experience-during-the-covid-19-pandemic/	13	0.03564308420225415	0.23737373737373738	0.5095057034220533	3	0.0017758042146968692
172	https://forefdn.org/webinar-integrating-moud-into-primary-care-medicaid-strategies-for-improving-treatment-engagement-and-outcomes-and-reducing-disparities-4-28-2021/	17	0.0391948272120909	0.6286148062463852	0.5134099616858238	3	0.0021443820320535267
173	https://forefdn.org/news-updates/page/3/?res=webinar	24	0.047965907355631665	3.716386554621848	0.5214007782101168	3	0.002820213602326287
174	https://forefdn.org/resource/webinar-lessons-learned-so-far-from-fores-innovation-challenge-in-developing-responses-to-the-opioid-crisis/	80	0.07968222947375728	162.92497253910233	0.5851528384279476	3	0.008958727289965992
175	https://forefdn.org/new-fore-data-brief-highlights-opportunities-to-identify-and-treat-substance-use-in-youth-and-young-adults/	18	0.0392368050390276	0.8674426450742239	0.5143953934740882	3	0.002277251100695747
176	https://forefdn.org/resource/issue-brief-expanding-access-to-opioid-use-disorder-treatment-in-emergency-departments/	14	0.035720926644003816	0.3464052287581699	0.5104761904761905	3	0.001894099680662424
177	https://forefdn.org/news-updates/page/2/?res=presidents-update	24	0.04771841664618825	3.4294117647058817	0.5203883495145631	3	0.0028096453617622117
178	https://forefdn.org/news-updates/page/3/?res=fore-announcements	29	0.05200667668822986	6.162724841701824	0.5265225933202358	3	0.003301770831366996
179	https://forefdn.org/resource/webinar-lessons-learned-in-community-based-recovery-services-during-the-covid-19-pandemic/	14	0.03577543983779877	0.3431372549019608	0.5104761904761905	3	0.0018884512301297924
180	https://forefdn.org/presidents-update-nov-20-keeping-up-momentum-amid-pandemic-fatigue/	20	0.04093945138470029	2.0129138835021188	0.5163776493256262	3	0.002460332390334198
181	https://forefdn.org/resource/webinar-moud-and-the-covid-19-national-emergency-response/	14	0.035732805638837475	0.35818713450292394	0.5104761904761905	3	0.0018930391638838175
182	https://forefdn.org/commentary-best-practices-for-delivering-moud-in-correctional-settings-during-the-pandemic/	17	0.03861267409361227	0.6341093117408907	0.5134099616858238	3	0.0021690227502514105
183	https://forefdn.org/ken-shatzkes-ph-d-promoted-to-fore-program-director/	17	0.04064514919342486	0.3795518207282913	0.5134099616858238	3	0.002121036176663412
184	https://forefdn.org/issue-brief-leveraging-medicaid-policy-to-enhance-access-to-opioid-use-disorder-treatment/	17	0.0389406719583554	0.6029737806053596	0.5134099616858238	3	0.002150873956366163
185	https://forefdn.org/resource/harvard-law-bill-of-health-protecting-the-vulnerable-sud-population-during-covid-19/	13	0.0359982435635321	0.08333333333333333	0.5095057034220533	3	0.001764969517993109
186	https://forefdn.org/presidents-update-jun-21-fores-strategy-aligns-with-federal-priorities-for-ending-drug-overdose-and-addiction-crisis/	24	0.04319178370833293	4.086027736453433	0.5203883495145631	3	0.0029044287502276705
187	https://forefdn.org/resource/webinar-otp-clinician-perspectives-on-methadone-service-delivery-and-the-use-of-telemedicine-during-the-covid-19-pandemic/	13	0.03607536001728278	0.058823529411764705	0.5095057034220533	3	0.0017634887942650952
188	https://forefdn.org/resource/harm-reduction-in-healthcare-video-series/	13	0.03599790309799599	0.18181818181818182	0.5095057034220533	3	0.001764907376518694
189	https://forefdn.org/webinar-otp-clinician-perspectives-on-methadone-service-delivery-and-the-use-of-telemedicine-during-the-pandemic-9-10-2020/	17	0.03875465856646337	0.8292188805346699	0.5134099616858238	3	0.002151063195622747
190	https://forefdn.org/news-updates/page/4/?res=fore-announcements	29	0.052041699129002805	5.52107214680744	0.5254901960784314	3	0.0032885680186178047
191	https://forefdn.org/resource/issue-brief-examining-substance-use-among-youth-and-young-adults/	13	0.03503950697278202	0.1801470588235294	0.5095057034220533	3	0.0017885771350685587
192	https://forefdn.org/in-a-new-wave-of-funding-fore-awards-333642-to-organizations-expanding-access-to-oud-treatment-and-recovery-support-services-during-the-pandemic/	18	0.04094961522288396	1.0860213316095668	0.5143953934740882	3	0.002227880461578911
193	https://forefdn.org/news-updates/page/2/?res=webinar	26	0.049166494323619525	4.792997198879551	0.5224171539961013	3	0.003014499936782904
194	https://forefdn.org/resource/health-affairs-blog-responding-to-covid-19-supporting-people-in-recovery-from-opioid-use-disorder/	13	0.03508616876815079	0.1764705882352941	0.5095057034220533	3	0.0017843044261435777
195	https://forefdn.org/news-updates/page/2/?res=grantee-spotlight	23	0.04717723509544204	2.5906512605042016	0.5193798449612403	3	0.0026955812299354768
196	https://forefdn.org/fore-welcomes-dayna-bowen-matthew-j-d-ph-d-and-david-mineta-m-s-w-to-scientific-advisory-council/	17	0.04017987607519144	0.5795518207282914	0.5134099616858238	3	0.002128651316899914
197	https://forefdn.org/presidents-update-apr-22-launching-new-programs-and-spreading-promising-approaches/	30	0.047019463777954074	12.05695819488389	0.5265225933202358	3	0.0035348336106538593
198	https://forefdn.org/about-us	8	0.006955507007503746	1.9090909090909092	0.5037593984962406	3	0.0015301847084328367
199	https://forefdn.org/news-updates/page/2/?res=all	30	0.053256600772583325	6.543051066580477	0.5265225933202358	3	0.0033580170771080704
200	https://forefdn.org/resource/national-academies-proceedings-family-focused-interventions-to-prevent-substance-use-disorders-in-adolescence/	14	0.03572126944754779	0.36764705882352944	0.5104761904761905	3	0.0018933831454704172
201	https://forefdn.org/resource/policy-brief-integrating-obstetrical-and-substance-use-disorder-treatment-for-pregnant-and-postpartum-people-in-prisons/	13	0.03608255202791061	0.1534090909090909	0.5095057034220533	3	0.0017632726537552478
202	https://forefdn.org/resource/issue-brief-training-primary-care-providers-to-treat-opioid-use-disorder/	13	0.03564384543601419	0.1534090909090909	0.5095057034220533	3	0.0017752994260552088
203	https://forefdn.org/grantee-spotlight-helping-clinicians-build-empathy-for-patients-with-opioid-use-disorder/	19	0.04033171506962355	1.5000291375291377	0.5153846153846153	3	0.002354525535980338
204	https://forefdn.org/news-updates/page/4/?res=all	31	0.053820311251827034	7.414572117992833	0.5275590551181102	3	0.003464994228053247
205	https://forefdn.org/news-updates/page/2/?res=fore-announcements	29	0.052055552156336476	5.46919306184012	0.5254901960784314	3	0.0032868382828196117
206	https://forefdn.org/resource/issue-brief-promoting-equity-in-access-to-opioid-use-disorder-treatment-and-supports-a-focus-on-black-communities/	13	0.03507525441125048	0.1801470588235294	0.5095057034220533	3	0.0017852016446684824
207	https://forefdn.org/news-updates/page/15/?res=all	34	0.05698167983274309	5.610050265165355	0.5306930693069307	3	0.0037189524488408614
208	https://forefdn.org/understanding-and-bolstering-the-peer-recovery-workforce/	19	0.03987474045764252	1.5349251625567415	0.5153846153846153	3	0.0023839807341993844
209	https://forefdn.org/webinar-supporting-the-care-of-mother-child-dyad-in-substance-use-disorder-treatment/	18	0.039815823234837906	1.0589178365494154	0.5143953934740882	3	0.0022507976374326424
210	https://forefdn.org/news-updates/page/11/	30	0.05256754247897219	7.690676725235548	0.5265225933202358	3	0.0033910149663916025
211	https://forefdn.org/fore-announces-second-wave-of-covid-19-response-grants-bringing-total-emergency-funding-to-nearly-1-million/	19	0.041592488360299655	1.618301551389787	0.5153846153846153	3	0.002332458518685064
212	https://forefdn.org/resource/webinar-supporting-the-care-of-mother-child-dyad-in-substance-use-disorder-treatment/	13	0.03506428075600039	0.1801470588235294	0.5095057034220533	3	0.001787005785499561
213	https://forefdn.org/10-1-million-in-grants-to-improve-access-to-opioid-use-disorder-treatment/	21	0.04282256539876323	3.1176877044524103	0.5173745173745173	3	0.0025453680652640963
214	https://forefdn.org/the-reverend-lakeesha-walrond-ph-d-joins-fores-board-of-directors/	17	0.04017987607519144	0.5795518207282914	0.5134099616858238	3	0.002128651316899914
215	https://forefdn.org/news-updates/page/12/	29	0.05171654255750792	8.39428684061037	0.5265225933202358	3	0.003318500732542612
216	https://forefdn.org/resource/issue-brief-lowering-barriers-to-treatment-for-opioid-use-disorder/	13	0.03506362516536314	0.18382352941176472	0.5095057034220533	3	0.0017863465025271526
217	https://forefdn.org/grantee-spotlight-putting-people-with-lived-experience-at-the-forefront-of-recovery/	20	0.04047287767154494	2.84771633165596	0.5163776493256262	3	0.002469536531276807
218	https://forefdn.org/rx-drug-abuse-heroin-summit-webinar-highlights-fores-approach-to-the-epidemic/	17	0.0402248454158557	0.6259803921568627	0.5134099616858238	3	0.0021258851142241754
219	https://forefdn.org/grantee-spotlight-helping-women-recover-and-thrive-as-mothers/	19	0.03963781590263513	2.259346368285997	0.5153846153846153	3	0.0023751016770471823
220	https://forefdn.org/news-updates/page/5/?res=fore-announcements	29	0.05204524891007493	6.566019356460532	0.5265225933202358	3	0.0033102890165730703
221	https://forefdn.org/presidents-update-feb-20-being-guided-by-experts/	17	0.03838148899150474	0.8276610644257703	0.5134099616858238	3	0.002160944964895365
222	https://forefdn.org/news-updates/page/8/?res=all	30	0.052782255425099754	7.3956919040039235	0.5265225933202358	3	0.003383269715363511
223	https://forefdn.org/news-updates/page/12/?res=all	30	0.05274888561223604	8.9732911696147	0.5275590551181102	3	0.0034068477989109046
224	https://forefdn.org/news-updates/?res=presidents-update	30	0.051670551984092955	8.070553221288513	0.5265225933202358	3	0.003434009808958258
225	https://forefdn.org/fore-establishes-scientific-advisory-council-to-advance-initiatives-addressing-the-nationwide-opioid-crisis/	17	0.040129402606502475	0.6283834586466165	0.5134099616858238	3	0.002130372037977858
226	https://forefdn.org/presidents-update-nov-19-lessons-from-fores-first-rfp-process/	17	0.03838148899150474	0.8276610644257703	0.5134099616858238	3	0.002160944964895365
227	https://forefdn.org/issue-brief-expanding-access-to-opioid-use-disorder-treatment-in-rural-america/	17	0.03832125403096361	0.8202264239028945	0.5134099616858238	3	0.0021644530711014695
228	https://forefdn.org/webinar-creating-an-effective-telehealth-patient-experience-for-moud-during-the-covid-19-pandemic/	17	0.03862839401723937	0.767734893693973	0.5134099616858238	3	0.0021576928083908305
229	https://forefdn.org/news-updates/page/6/?res=all	30	0.052901374354647	7.841609269294691	0.5275590551181102	3	0.0033847865080667942
230	https://forefdn.org/update-and-survey-on-access-to-treatment-rfp/	17	0.04009882287460486	0.5565720227484933	0.5134099616858238	3	0.0021339097660160095
231	https://forefdn.org/presidents-update-dec-19-happy-holidays-from-fore/	17	0.03838148899150474	0.8276610644257703	0.5134099616858238	3	0.002160944964895365
232	https://forefdn.org/fore-releases-inaugural-request-for-proposal/	17	0.04006900965587295	0.5842441442286643	0.5134099616858238	3	0.0021340315622466882
233	https://forefdn.org/a-commitment-from-our-leadership/	17	0.040150665844767494	0.5999999999999999	0.5134099616858238	3	0.002129950363178407
234	https://forefdn.org/fore-grant-to-addiction-policy-forum-will-link-people-with-substance-use-disorder-to-covid-19-vaccine/	17	0.04012453917341096	0.5795518207282913	0.5134099616858238	3	0.0021312531905570233
235	https://forefdn.org/h-westley-clark-m-d-j-d-m-p-h-expert-in-addiction-treatment-and-policy-joins-fores-board/	17	0.040099322189959506	0.5747899159663865	0.5134099616858238	3	0.0021325079124780025
236	https://forefdn.org/tapping-into-virtual-recovery-supports/	17	0.040150665844767494	0.5999999999999999	0.5134099616858238	3	0.002129950363178407
237	https://forefdn.org/richard-schottenfeld-m-d-a-pioneer-in-bringing-addiction-treatment-to-underserved-communities-joins-fores-board-of-directors/	17	0.040099322189959506	0.5747899159663865	0.5134099616858238	3	0.0021325079124780025
238	https://forefdn.org/issue-brief-improving-access-to-treatment-and-recovery-supports-for-younger-generations/	17	0.03832125403096361	0.8202264239028945	0.5134099616858238	3	0.0021644530711014695
239	https://forefdn.org/news-updates/page/13/?res=all	29	0.05196271438278523	6.669356215679746	0.5254901960784314	3	0.0032862083800874646
240	https://forefdn.org/webinar-caring-for-pregnant-and-parenting-women-with-oud-during-the-covid-19/	17	0.03864724589950919	0.7620081213263337	0.5134099616858238	3	0.0021563575296823347
241	https://forefdn.org/moud-and-the-covid-19-national-emergency-response-resources-and-webinar/	18	0.038637921095206564	267.7677348936943	0.5153846153846153	3	0.002741705749053216
242	https://forefdn.org/presidents-update-oct-19-once-the-epicenter-of-the-opioid-epidemic-huntington-wv-is-focusing-on-solutions/	17	0.03838098967615008	0.8796757164404225	0.5134099616858238	3	0.002162346818433372
243	https://forefdn.org/issue-brief-closing-gaps-in-the-continuum-of-treatment-and-support-services-for-pregnant-and-parenting-women-with-opioid-use-disorder/	19	0.03956891769322381	1.986893090569561	0.5153846153846153	3	0.0023770302817143893
244	https://forefdn.org/sept-19-presidents-update-learning-from-those-on-the-front-lines/	17	0.03838098967615008	0.8796757164404225	0.5134099616858238	3	0.002162346818433372
245	https://forefdn.org/news-updates/page/7/?res=all	30	0.05279334736382878	7.297569512754936	0.5265225933202358	3	0.0033822727646864153
246	https://forefdn.org/news-updates/page/9/?res=all	30	0.052931056016452045	7.354916087748568	0.5265225933202358	3	0.003373621686304439
247	https://forefdn.org/fore-president-is-featured-panelist-at-the-7th-annual-public-private-collaborations-in-rural-health-meeting/	18	0.04010871260806564	267.5565720227488	0.5153846153846153	3	0.0027169257883295763
248	https://forefdn.org/fore-funding-will-support-equal-justice-works-fellow-focused-on-helping-families-affected-by-the-opioid-crisis/	18	0.04014847916079954	129.02026895522351	0.5153846153846153	3	0.0024664406340404598
249	https://forefdn.org/webinar-oud-and-the-emergency-department-experience-during-the-covid-19-pandemic-4-30-2020/	17	0.03867422210431444	0.810766499582289	0.5134099616858238	3	0.0021540224135245725
250	https://forefdn.org/webinar-the-role-of-peer-recovery-coaches-and-navigators-during-the-covid-19-pandemic-5-28-2020/	17	0.03867422210431444	0.810766499582289	0.5134099616858238	3	0.0021540224135245725
251	https://forefdn.org/fore-releases-request-for-proposals-focused-on-bringing-innovative-solutions-to-the-opioid-crisis/	17	0.040127927905196495	0.5747899159663865	0.5134099616858238	3	0.0021313986497427098
252	https://forefdn.org/with-fore-support-bipartisan-policy-center-launches-task-force-to-develop-recommendations-for-congress-biden-administration-on-ending-the-opioid-crisis/	17	0.04012453917341096	0.5795518207282913	0.5134099616858238	3	0.0021312531905570233
253	https://forefdn.org/issue-brief-promoting-equity-in-access-to-opioid-use-disorder-treatment-and-supports-a-focus-on-black-communities/	17	0.0383216099765784	0.9070805785202071	0.5134099616858238	3	0.0021643927598997102
254	https://forefdn.org/news-updates/page/14/?res=all	29	0.05194681837838969	7.741723962312198	0.5265225933202358	3	0.003309741888354722
255	https://forefdn.org/news-updates/?res=resources	23	0.04696404856266757	2.5619047619047617	0.5193798449612403	3	0.0027106765251193954
256	https://forefdn.org/fores-president-speaks-with-addiction-professional/	17	0.04009882287460486	0.5565720227484933	0.5134099616858238	3	0.0021339097660160095
257	https://forefdn.org/webinar-federal-and-state-policy-levers-to-maintain-access-to-moud/	17	0.03862839401723937	0.767734893693973	0.5134099616858238	3	0.0021576928083908305
258	https://forefdn.org/news-updates/?res=all	38	0.06040491347813875	11.639031088263824	0.5349301397205589	3	0.004107014353903953
259	https://forefdn.org/expanding-access-to-oud-treatment-before-during-and-after-incarceration-opportunities-for-policy-and-practice/	17	0.03832592344563963	0.9070805785202071	0.5134099616858238	3	0.00216389816517584
260	https://forefdn.org/fore-announces-grants-totaling-1-3-million-to-assess-impact-of-covid-19-on-opioid-use-disorder-treatment-and-equity/	17	0.04012508913744125	0.5848149786230281	0.5134099616858238	3	0.002130866632701728
261	https://forefdn.org/grantee-spotlight-improving-access-to-recovery-supports-in-colleges-and-universities/	17	0.038320966452179625	0.8957100046496329	0.5134099616858238	3	0.002163141958394637
262	https://forefdn.org/fore-welcomes-psychiatrist-stephen-m-taylor-m-d-m-p-h-to-scientific-advisory-council/	17	0.040127927905196495	0.5747899159663865	0.5134099616858238	3	0.0021313986497427098
263	https://forefdn.org/webinar-correctional-facilities-and-moud-during-the-covid-19-pandemic/	17	0.03862839401723937	0.767734893693973	0.5134099616858238	3	0.0021576928083908305
264	https://forefdn.org/news-updates/page/11/?res=all	31	0.05361585358104465	8.149201533760356	0.5275590551181102	3	0.003478615239610786
265	https://forefdn.org/webinar-moud-treatment-within-the-primary-care-safety-net-during-the-covid-19-pandemic-5-7-2020/	17	0.03867422210431444	0.810766499582289	0.5134099616858238	3	0.0021540224135245725
266	https://forefdn.org/	263	0.21058625244379542	2871.7133556600083	0.9816849816849816	2	0.02809045528392632
267	https://forefdn.orgcontact-us/	1	0.000606733570274235	0.0	0.3405336721728081	4	0.0006871143871151458
268	https://forefdn.org/fore.gbtesting.us/wp-content/uploads/2019/08/FORE_RFP_Access_to_Treatment-1-2.zip	1	0.0006298297865809536	0.0	0.3405336721728081	4	0.000685948137988019
